id,uuid,title,link,location,country,lat,lng,latLng_status,type,phone,price,price_unit,details,img_src,about,exterior_acres,web_id,mls_id,bedrooms,full_baths,property_type,interior_sq_ft,amneties,features,partial_baths,change_price,sold_date,deleted_at,created_at,updated_at,city,new_features,property_details,exterior_details,interior_details,city_checked,province,property_status,neighbourhood,commercial_units,source_hash,first_seen_at,last_seen_at,missing_count,admin_price
1,6c0c4c75-9e70-4770-a36c-6c57a2472171,"Apartamento en Venta, AMERICA 500 AÑOS, Zipaquira",https://www.metrocuadrado.com/proyecto/san-antonio-de-padua/20184-C0001-02,"AMERICA 500 AÑOS, Zipaquira",Colombia,5.037436,-74.00442,1,Venta,3166902322,65711.8,,"Descubre este proyecto VIS -San Antonio de Padua, una urbanización de apartamentos ubicado en Zipaquirá – Cundinamarca en el barrio América 500 años próximo a la vía a Cogua, cerca de la Terminal de Transportes y la Plaza de Mercado. Este proyecto se encuentra en una tranquila zona residencial, que ofrece una vista inigualable al municipio y al hermoso paisaje de la Sabana de Bogotá. Los apartamentos de San Antonio de Padua se destacan por sus generosas áreas y un diseño cuidadosamente pensado para tu comodidad. Cada unidad residencial cuenta con dos habitaciones, ofreciendo espacios amplios y bien distribuidos. Olvídate de los espacios reducidos: aquí encontrarás una vivienda donde el confort, la tranquilidad y la calidad de vida son prioridad gracias a nuestres zonas verdes, parque infantil, plazoleta, parquederos comunes, en promedio 2 por apartamento. Vive en un hogar que realmente se adapta a tus necesidades.","[""https://multimedia.metrocuadrado.com/11033/11033_1_V4_x.jpg"", ""https://multimedia.metrocuadrado.com/11033/11033_2_V4_x.jpg"", ""https://multimedia.metrocuadrado.com/11033/11033_3_V4_x.jpg"", ""https://multimedia.metrocuadrado.com/11033/11033_4_V4_x.jpg"", ""https://multimedia.metrocuadrado.com/11033/11033_5_V4_x.jpg"", ""https://multimedia.metrocuadrado.com/11033/11033_6_V4_x.jpg"", ""https://multimedia.metrocuadrado.com/11033/11033_7_V4_x.jpg"", ""https://multimedia.metrocuadrado.com/11033/11033_8_V4_x.jpg"", ""https://multimedia.metrocuadrado.com/11033/11033_9_V4_x.jpg"", ""https://multimedia.metrocuadrado.com/11033/11033_10_V4_x.jpg"", ""https://multimedia.metrocuadrado.com/11033/11033_11_V4_x.jpg"", ""https://multimedia.metrocuadrado.com/11033/11033_12_V4_x.jpg"", ""https://multimedia.metrocuadrado.com/11033/11033_13_V4_x.jpg"", ""https://multimedia.metrocuadrado.com/11033/11033_14_V4_x.jpg"", ""https://multimedia.metrocuadrado.com/11033/11033_15_V4_x.jpg""]",,,20184-C0001-02,,2,2,Apartamento,65.24,"[""conCocinaAmericana:S"", "" conEstudioBiblioteca:S"", "" conZonaLavanderia:S"", "" nroBanos:2"", "" nroCuartos:2"", "" nroGarajes:0"", "" tipoCalentador:No tiene"", "" tipoCocina:Paralela"", "" tipoDeposito:0"", "" tipoEstufa:Gas""]",,,,,,,,Zipaquira,,"[{""label"": ""Property Type"", ""value"": ""Apartamento""}, {""label"": ""Condition"", ""value"": ""Nuevo""}, {""label"": ""Bathrooms"", ""value"": ""2""}, {""label"": ""Bedrooms"", ""value"": ""2""}, {""label"": ""Parking Spaces"", ""value"": ""0""}, {""label"": ""Private Area"", ""value"": ""58.1 m2""}, {""label"": ""Area"", ""value"": ""65.24 m2""}, {""label"": ""Socioeconomic Stratum"", ""value"": ""3""}, {""label"": ""Price (COP)"", ""value"": ""220000000""}]",,"[""conCocinaAmericana:S"", "" conEstudioBiblioteca:S"", "" conZonaLavanderia:S"", "" nroBanos:2"", "" nroCuartos:2"", "" nroGarajes:0"", "" tipoCalentador:No tiene"", "" tipoCocina:Paralela"", "" tipoDeposito:0"", "" tipoEstufa:Gas""]",,,Nuevo,AMERICA 500 AÑOS,,,,,20,
2,ac0ad1e7-2b16-4814-ae81-dd6963ce8c8e,"Apartamento en Venta, POZOS COLORADOS, Santa Marta",https://www.metrocuadrado.com/proyecto/salinas-del-sol/17004-C0001-10,"POZOS COLORADOS, Santa Marta",Colombia,11.156382545185354,-74.22374896561107,1,Venta,3103503227,170253.3,,"Salinas del Sol es un exclusivo proyecto inmobiliario turístico de lujo en Pozos Colorados, Santa Marta, desarrollado por Jiménez Constructores. Es el primer proyecto en la ciudad con una piscina oceánica con arena de playa, ofreciendo apartamentos de 37 a 116 M2 con vista al mar y más de 30 amenidades tipo resort.","[""https://multimedia.metrocuadrado.com/8751/8751_1_V9_x.jpg"", ""https://multimedia.metrocuadrado.com/8751/8751_2_V9_x.jpg"", ""https://multimedia.metrocuadrado.com/8751/8751_3_V9_x.jpg"", ""https://multimedia.metrocuadrado.com/8751/8751_4_V9_x.jpg"", ""https://multimedia.metrocuadrado.com/8751/8751_5_V9_x.jpg"", ""https://multimedia.metrocuadrado.com/8751/8751_6_V9_x.jpg"", ""https://multimedia.metrocuadrado.com/8751/8751_7_V9_x.jpg"", ""https://multimedia.metrocuadrado.com/8751/8751_8_V9_x.jpg"", ""https://multimedia.metrocuadrado.com/8751/8751_9_V9_x.jpg"", ""https://multimedia.metrocuadrado.com/8751/8751_10_V9_x.jpg"", ""https://multimedia.metrocuadrado.com/8751/8751_11_V9_x.jpg"", ""https://multimedia.metrocuadrado.com/8751/8751_12_V9_x.jpg"", ""https://multimedia.metrocuadrado.com/8751/8751_13_V9_x.jpg"", ""https://multimedia.metrocuadrado.com/8751/8751_14_V9_x.jpg"", ""https://multimedia.metrocuadrado.com/8751/8751_15_V9_x.jpg"", ""https://multimedia.metrocuadrado.com/8751/8751_16_V9_x.jpg"", ""https://multimedia.metrocuadrado.com/8751/8751_17_V9_x.jpg"", ""https://multimedia.metrocuadrado.com/8751/8751_18_V9_x.jpg"", ""https://multimedia.metrocuadrado.com/8751/8751_19_V9_x.jpg"", ""https://multimedia.metrocuadrado.com/8751/8751_20_V9_x.jpg""]",,,17004-C0001-10,,1,1,Apartamento,40.4,"[""nroBanos:1"", "" nroCuartos:1"", "" nroGarajes:0"", "" tipoCalentador:Gas"", "" tipoCocina:Lineal"", "" tipoDeposito:0"", "" tipoEstufa:Gas""]",,,,,,,,Santa Marta,,"[{""label"": ""Property Type"", ""value"": ""Apartamento""}, {""label"": ""Condition"", ""value"": ""Nuevo""}, {""label"": ""Bathrooms"", ""value"": ""1""}, {""label"": ""Bedrooms"", ""value"": ""1""}, {""label"": ""Parking Spaces"", ""value"": ""0""}, {""label"": ""Private Area"", ""value"": ""30.29 m2""}, {""label"": ""Area"", ""value"": ""40.4 m2""}, {""label"": ""Socioeconomic Stratum"", ""value"": ""6""}, {""label"": ""Price (COP)"", ""value"": ""570000000""}]",,"[""nroBanos:1"", "" nroCuartos:1"", "" nroGarajes:0"", "" tipoCalentador:Gas"", "" tipoCocina:Lineal"", "" tipoDeposito:0"", "" tipoEstufa:Gas""]",,,Nuevo,POZOS COLORADOS,,,,,20,
3,104a9eaf-8bec-4b28-985e-4df62eb984dd,"Casa en Venta, CD. BONANZA, Jamundi",https://www.metrocuadrado.com/proyecto/eden-del-parque/16747-C0004-01,"CD. BONANZA, Jamundi",Colombia,3.2291064,-76.516174,1,Venta,3166907163,66159.835,,"EDÉN DEL PARQUE es un proyecto urbano de 12.600 viviendas VIP Y VIS en el municipio de Jamundí, con un desarrollo planificado y con gran calidad ambiental y urbana. Cuenta con zonas verdes que se distribuyen de forma equitativa por todo el desarrollo, para generar una red de parque lineales, en los 6 sectores que lo componen. Contaremos con zonas de cesión de vocación institucional en donde se desarrollarán espacios para la prestación de servicios de salud, educación, deporte, seguridad y soporte a la comunidad, para que los habitantes de EDÉN DEL PARQUE suplan sus necesidades básicas sin salir del sector.","[""https://multimedia.metrocuadrado.com/8475/8475_1_V4_x.jpg"", ""https://multimedia.metrocuadrado.com/8475/8475_2_V4_x.jpg"", ""https://multimedia.metrocuadrado.com/8475/8475_3_V4_x.jpg"", ""https://multimedia.metrocuadrado.com/8475/8475_4_V4_x.jpg"", ""https://multimedia.metrocuadrado.com/8475/8475_5_V4_x.jpg"", ""https://multimedia.metrocuadrado.com/8475/8475_6_V4_x.jpg"", ""https://multimedia.metrocuadrado.com/8475/8475_7_V4_x.jpg"", ""https://multimedia.metrocuadrado.com/8475/8475_8_V4_x.jpg"", ""https://multimedia.metrocuadrado.com/8475/8475_9_V4_x.jpg"", ""https://multimedia.metrocuadrado.com/8475/8475_10_V4_x.jpg""]",,,16747-C0004-01,,3,1,Casa,73.3,"[""conCocinaIntegral:S"", "" conEstudioBiblioteca:S"", "" conZonaLavanderia:S"", "" nroBanos:1"", "" nroCuartos:3"", "" nroGarajes:1"", "" tipoCalentador:No tiene"", "" tipoCocina:Abierta"", "" tipoDeposito:0"", "" tipoEstufa:Gas""]",,,,,,,,Jamundi,,"[{""label"": ""Property Type"", ""value"": ""Casa""}, {""label"": ""Condition"", ""value"": ""Nuevo""}, {""label"": ""Bathrooms"", ""value"": ""1""}, {""label"": ""Bedrooms"", ""value"": ""3""}, {""label"": ""Parking Spaces"", ""value"": ""1""}, {""label"": ""Private Area"", ""value"": ""73.3 m2""}, {""label"": ""Area"", ""value"": ""73.3 m2""}, {""label"": ""Socioeconomic Stratum"", ""value"": ""3""}, {""label"": ""Price (COP)"", ""value"": ""221500000""}]",,"[""conCocinaIntegral:S"", "" conEstudioBiblioteca:S"", "" conZonaLavanderia:S"", "" nroBanos:1"", "" nroCuartos:3"", "" nroGarajes:1"", "" tipoCalentador:No tiene"", "" tipoCocina:Abierta"", "" tipoDeposito:0"", "" tipoEstufa:Gas""]",,,Nuevo,CD. BONANZA,,,,,20,
4,acfb37fb-f7b8-429e-95b0-c9fe971d5b00,"Apartamento en Venta, SANTA BARBARA, Bogotá D.C.",https://www.metrocuadrado.com/proyecto/edificio-balmes-santa-barbara/15315-C0001-04,"SANTA BARBARA, Bogotá D.C.",Colombia,4.6949916,-74.03937,1,Venta,3176427134,118043.78145,,"Edificio de cinco pisos, con 32 Unidades Inmoniliarias diseñadas con estilo de Apartasuites, Monoespacio de 25 m2, 34,01 m2 y 39,59 m2 con alcoba independiente, totalmente terminados con excelente diseño interior. 

El Edificio cuenta con portería y lobby, sauna, gimnasio,  rooftop recreativo, ascensor, lavandería comunal y planta eléctrica. Localizado en zona de alta ocupación de arrendamiento, con cercanía al centro de negocios de la Av. Carrera 7 - Av. Calle 116, con alta demanda de estudiantes de Universidad Militar,  Universidad del Bosque y Centros de Arte de la zona. Existe también un alto “Turismo Médico” por la cercanía a Clínica Santa Fe, del Bosque y Centros Médicos; inversión ideal para rentar o vivir, rodeado de parques y recorridos verdes y de recreación, comercio y restaurantes exclusivos en la Calle 109 y 122, Usaquen, Centro Comercial Unicentro y Santa Bárbara. Localizado en una de las zonas de mayor valorización de Bogota, que ha superado el 6% anual.","[""https://multimedia.metrocuadrado.com/6936/6936_1_V1_x.jpg"", ""https://multimedia.metrocuadrado.com/6936/6936_2_V1_x.jpg"", ""https://multimedia.metrocuadrado.com/6936/6936_3_V1_x.jpg"", ""https://multimedia.metrocuadrado.com/6936/6936_4_V1_x.jpg"", ""https://multimedia.metrocuadrado.com/6936/6936_5_V1_x.jpg"", ""https://multimedia.metrocuadrado.com/6936/6936_6_V1_x.jpg"", ""https://multimedia.metrocuadrado.com/6936/6936_7_V1_x.jpg"", ""https://multimedia.metrocuadrado.com/6936/6936_8_V1_x.jpg"", ""https://multimedia.metrocuadrado.com/6936/6936_9_V1_x.jpg"", ""https://multimedia.metrocuadrado.com/6936/6936_10_V1_x.jpg"", ""https://multimedia.metrocuadrado.com/6936/6936_11_V1_x.jpg"", ""https://multimedia.metrocuadrado.com/6936/6936_12_V1_x.jpg"", ""https://multimedia.metrocuadrado.com/6936/6936_13_V1_x.jpg"", ""https://multimedia.metrocuadrado.com/6936/6936_14_V1_x.jpg""]",,,15315-C0001-04,,1,1,Apartamento,27.7,"[""areaTerraza:16,87"", "" conGarajeCubierto:S"", "" conMuebles:S"", "" conParqueaderoPropio:S"", "" conTerrazaBalcon:Terraza"", "" instalacionGas:Ninguna"", "" nroBanos:1"", "" nroCuartos:1"", "" nroGarajes:0"", "" tipoCalentador:Gas"", "" tipoCocina:Lineal"", "" tipoComedor:Sala-comedor"", "" tipoDeposito:0"", "" tipoEstufa:Electrica""]",,,,,,,,Bogotá D.C.,,"[{""label"": ""Property Type"", ""value"": ""Apartamento""}, {""label"": ""Condition"", ""value"": ""Nuevo""}, {""label"": ""Bathrooms"", ""value"": ""1""}, {""label"": ""Bedrooms"", ""value"": ""1""}, {""label"": ""Parking Spaces"", ""value"": ""0""}, {""label"": ""Private Area"", ""value"": ""22.46 m2""}, {""label"": ""Area"", ""value"": ""27.7 m2""}, {""label"": ""Socioeconomic Stratum"", ""value"": ""6""}, {""label"": ""Price (COP)"", ""value"": ""395205000""}]",,"[""areaTerraza:16,87"", "" conGarajeCubierto:S"", "" conMuebles:S"", "" conParqueaderoPropio:S"", "" conTerrazaBalcon:Terraza"", "" instalacionGas:Ninguna"", "" nroBanos:1"", "" nroCuartos:1"", "" nroGarajes:0"", "" tipoCalentador:Gas"", "" tipoCocina:Lineal"", "" tipoComedor:Sala-comedor"", "" tipoDeposito:0"", "" tipoEstufa:Electrica""]",,,Nuevo,SANTA BARBARA,,,,,20,
5,9ac2c845-0c98-46c7-bb90-ab95298cd8ca,"Apartamento en Arriendo, El Poblado, Medellín",https://www.metrocuadrado.com/inmueble/arriendo-apartamento-medellin-el-poblado-3-habitaciones-3-banos-2-garajes/3267-M6339557,"EL POBLADO, Medellín",Colombia,6.22562,-75.5671,1,arriendo,3216199641,,,"Descubre este exclusivo apartamento de 3 habitaciones y 2 baños en una zona residencial tranquila. Con 128 metros cuadrados, cuenta con zona de ropas, baño de servicio, dos parqueaderos cubiertos y cuarto útil. Disfruta de la cocina integral, sala-comedor con balcón cubierto y baño social. El edificio ofrece gimnasio, piscina, zonas verdes, cancha, parque infantil, parqueadero para visitantes y vigilancia 247. Con fácil acceso a colegios, universidades y zonas comerciales, es el lugar ideal para tu familia. ¡Ven y conócelo!","[""https://multimedia.metrocuadrado.com/3267-M6339557/3267-M6339557_21_x.jpg"", ""https://multimedia.metrocuadrado.com/3267-M6339557/3267-M6339557_22_x.jpg"", ""https://multimedia.metrocuadrado.com/3267-M6339557/3267-M6339557_23_x.jpg"", ""https://multimedia.metrocuadrado.com/3267-M6339557/3267-M6339557_24_x.jpg"", ""https://multimedia.metrocuadrado.com/3267-M6339557/3267-M6339557_25_x.jpg"", ""https://multimedia.metrocuadrado.com/3267-M6339557/3267-M6339557_26_x.jpg"", ""https://multimedia.metrocuadrado.com/3267-M6339557/3267-M6339557_27_x.jpg"", ""https://multimedia.metrocuadrado.com/3267-M6339557/3267-M6339557_28_x.jpg"", ""https://multimedia.metrocuadrado.com/3267-M6339557/3267-M6339557_29_x.jpg"", ""https://multimedia.metrocuadrado.com/3267-M6339557/3267-M6339557_30_x.jpg"", ""https://multimedia.metrocuadrado.com/3267-M6339557/3267-M6339557_31_x.jpg"", ""https://multimedia.metrocuadrado.com/3267-M6339557/3267-M6339557_32_x.jpg"", ""https://multimedia.metrocuadrado.com/3267-M6339557/3267-M6339557_33_x.jpg"", ""https://multimedia.metrocuadrado.com/3267-M6339557/3267-M6339557_34_x.jpg"", ""https://multimedia.metrocuadrado.com/3267-M6339557/3267-M6339557_35_x.jpg"", ""https://multimedia.metrocuadrado.com/3267-M6339557/3267-M6339557_36_x.jpg"", ""https://multimedia.metrocuadrado.com/3267-M6339557/3267-M6339557_37_x.jpg"", ""https://multimedia.metrocuadrado.com/3267-M6339557/3267-M6339557_38_x.jpg"", ""https://multimedia.metrocuadrado.com/3267-M6339557/3267-M6339557_39_x.jpg"", ""https://multimedia.metrocuadrado.com/3267-M6339557/3267-M6339557_40_x.jpg""]",,,3267-M6339557,,3,3,Apartamento,128.0,"[""area:128"", "" areaConstruida:128"", "" cercaColegioUniversidad:S"", "" cercaParque:S"", "" cercaTransportePublico:S"", "" conCocinaIntegral_o:S"", "" conGimnasio:S"", "" conPiscina:S"", "" conSalonComunal:S"", "" nroBanos:3"", "" nroCuartos:3"", "" nroGarajes:2"", "" porteria:S"", "" tiempoConstruido:Entre 10 y 20 años"", "" tipoCocinaLista:Lineal"", "" zonaComercial:S"", "" zonaResidencial:S""]",,,,,,,,Medellín,,"[{""label"": ""Property Type"", ""value"": ""Apartamento""}, {""label"": ""Condition"", ""value"": ""Usado""}, {""label"": ""Bathrooms"", ""value"": ""3""}, {""label"": ""Bedrooms"", ""value"": ""3""}, {""label"": ""Parking Spaces"", ""value"": ""2""}, {""label"": ""Area"", ""value"": ""128.0 m2""}, {""label"": ""Socioeconomic Stratum"", ""value"": ""4""}, {""label"": ""Construction Age"", ""value"": ""Entre 10 y 20 años""}]",,"[""area:128"", "" areaConstruida:128"", "" cercaColegioUniversidad:S"", "" cercaParque:S"", "" cercaTransportePublico:S"", "" conCocinaIntegral_o:S"", "" conGimnasio:S"", "" conPiscina:S"", "" conSalonComunal:S"", "" nroBanos:3"", "" nroCuartos:3"", "" nroGarajes:2"", "" porteria:S"", "" tiempoConstruido:Entre 10 y 20 años"", "" tipoCocinaLista:Lineal"", "" zonaComercial:S"", "" zonaResidencial:S""]",,,Usado,EL POBLADO,,,,,21,
6,b1eaf6dd-ef58-4fd5-a744-c739ed4b6405,"Lote en Venta, PARQUE EMPRESARIAL ROSALINDA, Cota (Incluye Siberia)",https://www.metrocuadrado.com/inmueble/venta-lote-cota-incluye-siberia-parque-empresarial-rosalinda/22266-M6506041,"PARQUE EMPRESARIAL ROSALINDA, Cota (Incluye Siberia)",Colombia,4.73721514414946,-74.1448360241028,1,venta,3204267408,627249.0,,"EN VENTA | LOTE ESTRATÉGICO PARA DESARROLLO EMPRESARIAL

Impulsa el crecimiento de tu empresa en un lote de 1.727 m², ubicado en el exclusivo Parque Empresarial Rosalinda.

- Excelente conectividad logística, ideal para operaciones empresariales
- Alto potencial de valorización por el desarrollo del sector
- Terreno listo para construcción inmediata
- Precio negociable, sujeto a condiciones de pago.

","[""https://multimedia.metrocuadrado.com/22266-M6506041/22266-M6506041_22_x.jpg"", ""https://multimedia.metrocuadrado.com/22266-M6506041/22266-M6506041_6_x.jpg"", ""https://multimedia.metrocuadrado.com/22266-M6506041/22266-M6506041_7_x.jpg"", ""https://multimedia.metrocuadrado.com/22266-M6506041/22266-M6506041_4_x.jpg"", ""https://multimedia.metrocuadrado.com/22266-M6506041/22266-M6506041_5_x.jpg"", ""https://multimedia.metrocuadrado.com/22266-M6506041/22266-M6506041_10_x.jpg"", ""https://multimedia.metrocuadrado.com/22266-M6506041/22266-M6506041_11_x.jpg"", ""https://multimedia.metrocuadrado.com/22266-M6506041/22266-M6506041_12_x.jpg"", ""https://multimedia.metrocuadrado.com/22266-M6506041/22266-M6506041_8_x.jpg"", ""https://multimedia.metrocuadrado.com/22266-M6506041/22266-M6506041_3_x.jpg"", ""https://multimedia.metrocuadrado.com/22266-M6506041/22266-M6506041_9_x.jpg"", ""https://multimedia.metrocuadrado.com/22266-M6506041/22266-M6506041_14_x.jpg"", ""https://multimedia.metrocuadrado.com/22266-M6506041/22266-M6506041_15_x.jpg"", ""https://multimedia.metrocuadrado.com/22266-M6506041/22266-M6506041_16_x.jpg"", ""https://multimedia.metrocuadrado.com/22266-M6506041/22266-M6506041_17_x.jpg"", ""https://multimedia.metrocuadrado.com/22266-M6506041/22266-M6506041_18_x.jpg"", ""https://multimedia.metrocuadrado.com/22266-M6506041/22266-M6506041_19_x.jpg"", ""https://multimedia.metrocuadrado.com/22266-M6506041/22266-M6506041_21_x.jpg"", ""https://multimedia.metrocuadrado.com/22266-M6506041/22266-M6506041_1_x.jpg"", ""https://multimedia.metrocuadrado.com/22266-M6506041/22266-M6506041_23_x.jpg""]",,,22266-M6506041,,,,Lote,1727.0,"[""ancho:20"", "" area:1727"", "" areaLote:1727"", "" cercaCentroComercial:S"", "" cercaColegioUniversidad:S"", "" cercaParque:S"", "" cercaSupermercado:S"", "" cercaTransportePublico:S"", "" conAccesoDiscapacitados:S"", "" contactoWhatsApp:S"", "" fondo:87"", "" negociarPrecio:S"", "" sobreViaPrincipal:S"", "" sobreViaSecundaria:S"", "" tipoLote:Lote vacío""]",,,,,,,,Cota (Incluye Siberia),,"[{""label"": ""Property Type"", ""value"": ""Lote""}, {""label"": ""Condition"", ""value"": ""Usado""}, {""label"": ""Area"", ""value"": ""1727.0 m2""}, {""label"": ""Socioeconomic Stratum"", ""value"": ""1""}, {""label"": ""Price (COP)"", ""value"": ""2100000000""}]",,"[""ancho:20"", "" area:1727"", "" areaLote:1727"", "" cercaCentroComercial:S"", "" cercaColegioUniversidad:S"", "" cercaParque:S"", "" cercaSupermercado:S"", "" cercaTransportePublico:S"", "" conAccesoDiscapacitados:S"", "" contactoWhatsApp:S"", "" fondo:87"", "" negociarPrecio:S"", "" sobreViaPrincipal:S"", "" sobreViaSecundaria:S"", "" tipoLote:Lote vacío""]",,,Usado,PARQUE EMPRESARIAL ROSALINDA,,,,,22,
7,b28f0cad-f364-493d-af0a-33f6ae8006ed,"Apartamento en Arriendo, San Antonio De Pereira, Rionegro",https://www.metrocuadrado.com/inmueble/arriendo-apartamento-rionegro-san-antonio-de-pereira-2-habitaciones-2-banos-1-garajes/3267-M6686275,"SAN ANTONIO DE PEREIRA, Rionegro",Colombia,6.13627,-75.37827,1,arriendo,3216199641,,,"Moderno apartamento ubicado en una zona que combina tranquilidad, comodidad y excelente conectividad. Su ubicación estratégica permite fácil acceso a servicios esenciales y vías principales, facilitando la movilidad hacia los puntos más importantes de la ciudad.
Cuenta con 2 habitaciones y 2 baños, con una distribución funcional que aprovecha al máximo cada espacio, brindando confort y practicidad para la vida diaria.
Su diseño contemporáneo y ambiente acogedor lo convierten en una excelente opción para vivir.","[""https://multimedia.metrocuadrado.com/3267-M6686275/3267-M6686275_1_x.jpg"", ""https://multimedia.metrocuadrado.com/3267-M6686275/3267-M6686275_2_x.jpg"", ""https://multimedia.metrocuadrado.com/3267-M6686275/3267-M6686275_3_x.jpg"", ""https://multimedia.metrocuadrado.com/3267-M6686275/3267-M6686275_4_x.jpg"", ""https://multimedia.metrocuadrado.com/3267-M6686275/3267-M6686275_5_x.jpg"", ""https://multimedia.metrocuadrado.com/3267-M6686275/3267-M6686275_6_x.jpg"", ""https://multimedia.metrocuadrado.com/3267-M6686275/3267-M6686275_7_x.jpg"", ""https://multimedia.metrocuadrado.com/3267-M6686275/3267-M6686275_8_x.jpg"", ""https://multimedia.metrocuadrado.com/3267-M6686275/3267-M6686275_9_x.jpg"", ""https://multimedia.metrocuadrado.com/3267-M6686275/3267-M6686275_10_x.jpg"", ""https://multimedia.metrocuadrado.com/3267-M6686275/3267-M6686275_11_x.jpg"", ""https://multimedia.metrocuadrado.com/3267-M6686275/3267-M6686275_12_x.jpg"", ""https://multimedia.metrocuadrado.com/3267-M6686275/3267-M6686275_13_x.jpg""]",,,3267-M6686275,,2,2,Apartamento,60.0,"[""area:60"", "" areaConstruida:60"", "" cercaCentroComercial:S"", "" cercaColegioUniversidad:S"", "" cercaParque:S"", "" cercaSupermercado:S"", "" cercaTransportePublico:S"", "" conCocinaIntegral_o:S"", "" conGimnasio:S"", "" conPiscina:S"", "" conSalonComunal:S"", "" conSauna:S"", "" conZonaBbq:S"", "" nroBanos:2"", "" nroCuartos:2"", "" nroGarajes:1"", "" tiempoConstruido:Entre 5 y 10 años"", "" tipoCocinaLista:Lineal""]",,,,,,,,Rionegro,,"[{""label"": ""Property Type"", ""value"": ""Apartamento""}, {""label"": ""Condition"", ""value"": ""Usado""}, {""label"": ""Bathrooms"", ""value"": ""2""}, {""label"": ""Bedrooms"", ""value"": ""2""}, {""label"": ""Parking Spaces"", ""value"": ""1""}, {""label"": ""Area"", ""value"": ""60.0 m2""}, {""label"": ""Socioeconomic Stratum"", ""value"": ""5""}, {""label"": ""Construction Age"", ""value"": ""Entre 5 y 10 años""}]",,"[""area:60"", "" areaConstruida:60"", "" cercaCentroComercial:S"", "" cercaColegioUniversidad:S"", "" cercaParque:S"", "" cercaSupermercado:S"", "" cercaTransportePublico:S"", "" conCocinaIntegral_o:S"", "" conGimnasio:S"", "" conPiscina:S"", "" conSalonComunal:S"", "" conSauna:S"", "" conZonaBbq:S"", "" nroBanos:2"", "" nroCuartos:2"", "" nroGarajes:1"", "" tiempoConstruido:Entre 5 y 10 años"", "" tipoCocinaLista:Lineal""]",,,Usado,SAN ANTONIO DE PEREIRA,,,,,21,
8,598f23a2-23f3-48d1-80dc-a5eb6f064b11,"Apartamento en Venta, Alemeda del Rio, Barranquilla",https://www.metrocuadrado.com/inmueble/venta-apartamento-barranquilla-conjunto-residencial-turpial-2-habitaciones-2-banos/21385-M7097850,"CONJUNTO RESIDENCIAL TURPIAL, Barranquilla",Colombia,10.992348670959473,-74.8462142944336,1,venta,3003877772,64218.35,,"Bienvenido a tu nueva oportunidad de hogar en el exclusivo Conjunto Residencial Pelicano de Barranquilla. Este acogedor apartamento de 2 habitaciones y 2 baños te cautivará con su diseño moderno y funcional, con una distribución que maximiza el espacio para tu comodidad. Ubicado en Alameda Del Rio, disfrutarás de una privilegiada ubicación rodeada de amenidades y excelentes vías de acceso. No dejes pasar la oportunidad de conocer este inmueble que se ajusta a tus necesidades. ¡Agenda una visita y déjate cautivar!","[""https://multimedia.metrocuadrado.com/21385-M7097850/21385-M7097850_6_x.jpg"", ""https://multimedia.metrocuadrado.com/21385-M7097850/21385-M7097850_5_x.jpg"", ""https://multimedia.metrocuadrado.com/21385-M7097850/21385-M7097850_7_x.jpg"", ""https://multimedia.metrocuadrado.com/21385-M7097850/21385-M7097850_4_x.jpg"", ""https://multimedia.metrocuadrado.com/21385-M7097850/21385-M7097850_13_x.jpg"", ""https://multimedia.metrocuadrado.com/21385-M7097850/21385-M7097850_16_x.jpg"", ""https://multimedia.metrocuadrado.com/21385-M7097850/21385-M7097850_14_x.jpg"", ""https://multimedia.metrocuadrado.com/21385-M7097850/21385-M7097850_1_x.jpg"", ""https://multimedia.metrocuadrado.com/21385-M7097850/21385-M7097850_3_x.jpg"", ""https://multimedia.metrocuadrado.com/21385-M7097850/21385-M7097850_11_x.jpg"", ""https://multimedia.metrocuadrado.com/21385-M7097850/21385-M7097850_10_x.jpg"", ""https://multimedia.metrocuadrado.com/21385-M7097850/21385-M7097850_8_x.jpg"", ""https://multimedia.metrocuadrado.com/21385-M7097850/21385-M7097850_9_x.jpg"", ""https://multimedia.metrocuadrado.com/21385-M7097850/21385-M7097850_12_x.jpg"", ""https://multimedia.metrocuadrado.com/21385-M7097850/21385-M7097850_17_x.jpg"", ""https://multimedia.metrocuadrado.com/21385-M7097850/21385-M7097850_2_x.jpg""]",,,21385-M7097850,,2,2,Apartamento,57.0,"[""aptoParaNinos:S"", "" area:57"", "" areaConstruida:57"", "" ascensor:S"", "" cercaAGimnasio:S"", "" cercaParque:S"", "" cercaSupermercado:S"", "" cercaTransportePublico:S"", "" conCanchaBasket:S"", "" conCanchaFutbol:S"", "" conPiscina:S"", "" conSalonComunal:S"", "" conZonaBbq:S"", "" conZonaLavanderia:S"", "" conZonaNinos:S"", "" conZonasVerdes:S"", "" contactoWhatsApp:S"", "" enConjuntoCerrado:S"", "" enInterior:S"", "" instalacionGas:Natural"", "" luzEnLaManana:S"", "" negociarPrecio:S"", "" nroApto:2"", "" nroAscensores:1"", "" nroBanos:2"", "" nroCuartos:2"", "" nroGarajes:0"", "" nroInterior:18"", "" nroPiso:2"", "" shutDeBasura:S"", "" sobreViaSecundaria:S"", "" terrazaBalcon:Ninguno"", "" tiempoConstruido:Entre 0 y 5 años"", "" tipoCalentador:No tiene"", "" tipoCocinaLista:Abierta"", "" tipoComedor:Sala Comedor"", "" tipoDeposito:0"", "" tipoEstufa:Gas"", "" tipoVigilancia:24hrs"", "" vista:Exterior""]",,,,,,,,Barranquilla,,"[{""label"": ""Property Type"", ""value"": ""Apartamento""}, {""label"": ""Condition"", ""value"": ""Usado""}, {""label"": ""Bathrooms"", ""value"": ""2""}, {""label"": ""Bedrooms"", ""value"": ""2""}, {""label"": ""Parking Spaces"", ""value"": ""0""}, {""label"": ""Area"", ""value"": ""57.0 m2""}, {""label"": ""Socioeconomic Stratum"", ""value"": ""3""}, {""label"": ""Floor Number"", ""value"": ""2""}, {""label"": ""Price (COP)"", ""value"": ""215000000""}, {""label"": ""Construction Age"", ""value"": ""Entre 0 y 5 años""}, {""label"": ""Balcony/Terrace"", ""value"": ""Ninguno""}]",,"[""aptoParaNinos:S"", "" area:57"", "" areaConstruida:57"", "" ascensor:S"", "" cercaAGimnasio:S"", "" cercaParque:S"", "" cercaSupermercado:S"", "" cercaTransportePublico:S"", "" conCanchaBasket:S"", "" conCanchaFutbol:S"", "" conPiscina:S"", "" conSalonComunal:S"", "" conZonaBbq:S"", "" conZonaLavanderia:S"", "" conZonaNinos:S"", "" conZonasVerdes:S"", "" contactoWhatsApp:S"", "" enConjuntoCerrado:S"", "" enInterior:S"", "" instalacionGas:Natural"", "" luzEnLaManana:S"", "" negociarPrecio:S"", "" nroApto:2"", "" nroAscensores:1"", "" nroBanos:2"", "" nroCuartos:2"", "" nroGarajes:0"", "" nroInterior:18"", "" nroPiso:2"", "" shutDeBasura:S"", "" sobreViaSecundaria:S"", "" terrazaBalcon:Ninguno"", "" tiempoConstruido:Entre 0 y 5 años"", "" tipoCalentador:No tiene"", "" tipoCocinaLista:Abierta"", "" tipoComedor:Sala Comedor"", "" tipoDeposito:0"", "" tipoEstufa:Gas"", "" tipoVigilancia:24hrs"", "" vista:Exterior""]",,,Usado,CONJUNTO RESIDENCIAL TURPIAL,,,,,20,
9,9e35abf6-282b-49c5-9a6f-9561d5d9b871,"Apartamento en Venta, EL PARAISO, Barranquilla",https://www.metrocuadrado.com/inmueble/venta-apartamento-barranquilla-paraiso-2-habitaciones-2-banos-1-garajes/21385-M6949539,"PARAISO, Barranquilla",Colombia,11.018522262573242,-74.8082275390625,1,venta,3003877772,86022.72,,"Disfruta del paraíso en este moderno apartamento ubicado en el privilegiado barrio de Paraíso, Barranquilla. Este cómodo hogar de dos amplias habitaciones y  dos baños cuenta con una luminosa y funcional distribución que ofrece plena comodidad. Completan este espacio un acogedor salón comedor, una práctica cocina, y un práctico parqueadero para tu vehículo. Vive en un entorno tranquilo y seguro, a tan solo minutos de los principales centros comerciales y vías de acceso de la ciudad. Una oportunidad única para disfrutar del confort y la exclusividad que mereces. ¡Ven a conocerlo!","[""https://multimedia.metrocuadrado.com/21385-M6949539/21385-M6949539_14_x.jpg"", ""https://multimedia.metrocuadrado.com/21385-M6949539/21385-M6949539_12_x.jpg"", ""https://multimedia.metrocuadrado.com/21385-M6949539/21385-M6949539_27_x.jpg"", ""https://multimedia.metrocuadrado.com/21385-M6949539/21385-M6949539_26_x.jpg"", ""https://multimedia.metrocuadrado.com/21385-M6949539/21385-M6949539_11_x.jpg"", ""https://multimedia.metrocuadrado.com/21385-M6949539/21385-M6949539_13_x.jpg"", ""https://multimedia.metrocuadrado.com/21385-M6949539/21385-M6949539_16_x.jpg"", ""https://multimedia.metrocuadrado.com/21385-M6949539/21385-M6949539_15_x.jpg"", ""https://multimedia.metrocuadrado.com/21385-M6949539/21385-M6949539_17_x.jpg"", ""https://multimedia.metrocuadrado.com/21385-M6949539/21385-M6949539_19_x.jpg"", ""https://multimedia.metrocuadrado.com/21385-M6949539/21385-M6949539_21_x.jpg"", ""https://multimedia.metrocuadrado.com/21385-M6949539/21385-M6949539_22_x.jpg"", ""https://multimedia.metrocuadrado.com/21385-M6949539/21385-M6949539_23_x.jpg"", ""https://multimedia.metrocuadrado.com/21385-M6949539/21385-M6949539_25_x.jpg"", ""https://multimedia.metrocuadrado.com/21385-M6949539/21385-M6949539_28_x.jpg""]",,,21385-M6949539,,2,2,Apartamento,70.0,"[""aptoParaNinos:S"", "" area:70"", "" areaConstruida:70"", "" areaTerraza:1"", "" ascensor:S"", "" bancoHipoteca:No Tiene"", "" cercaCentroComercial:S"", "" cercaParque:S"", "" cercaSupermercado:S"", "" cercaTransportePublico:S"", "" conCortinas:Ninguna"", "" conGarajeCubierto:S"", "" conPiscina:S"", "" conSalonComunal:S"", "" conVistaPanoramica:S"", "" conZonaLavanderia:S"", "" conZonasVerdes:S"", "" contactoWhatsApp:S"", "" enConjuntoCerrado:S"", "" enInterior:S"", "" instalacionGas:Natural"", "" matricula:0"", "" negociarPrecio:S"", "" nroApto:8"", "" nroAscensores:1"", "" nroBanos:2"", "" nroClosets:2"", "" nroCuartos:2"", "" nroGarajes:1"", "" nroInterior:2"", "" nroPiso:8"", "" sobreViaSecundaria:S"", "" terrazaBalcon:Balcón"", "" tiempoConstruido:Entre 5 y 10 años"", "" tipoCalentador:No tiene"", "" tipoCocinaLista:Lineal"", "" tipoComedor:Sala Comedor"", "" tipoDeposito:0"", "" tipoEstufa:Gas"", "" tipoGaraje:Propio"", "" tipoPiso:Porcelanato"", "" tipoVigilancia:24hrs"", "" vista:Interior""]",,,,,,,,Barranquilla,,"[{""label"": ""Property Type"", ""value"": ""Apartamento""}, {""label"": ""Condition"", ""value"": ""Usado""}, {""label"": ""Bathrooms"", ""value"": ""2""}, {""label"": ""Bedrooms"", ""value"": ""2""}, {""label"": ""Parking Spaces"", ""value"": ""1""}, {""label"": ""Area"", ""value"": ""70.0 m2""}, {""label"": ""Socioeconomic Stratum"", ""value"": ""3""}, {""label"": ""Floor Number"", ""value"": ""8""}, {""label"": ""Price (COP)"", ""value"": ""288000000""}, {""label"": ""Construction Age"", ""value"": ""Entre 5 y 10 años""}, {""label"": ""Balcony/Terrace"", ""value"": ""Balcón""}]",,"[""aptoParaNinos:S"", "" area:70"", "" areaConstruida:70"", "" areaTerraza:1"", "" ascensor:S"", "" bancoHipoteca:No Tiene"", "" cercaCentroComercial:S"", "" cercaParque:S"", "" cercaSupermercado:S"", "" cercaTransportePublico:S"", "" conCortinas:Ninguna"", "" conGarajeCubierto:S"", "" conPiscina:S"", "" conSalonComunal:S"", "" conVistaPanoramica:S"", "" conZonaLavanderia:S"", "" conZonasVerdes:S"", "" contactoWhatsApp:S"", "" enConjuntoCerrado:S"", "" enInterior:S"", "" instalacionGas:Natural"", "" matricula:0"", "" negociarPrecio:S"", "" nroApto:8"", "" nroAscensores:1"", "" nroBanos:2"", "" nroClosets:2"", "" nroCuartos:2"", "" nroGarajes:1"", "" nroInterior:2"", "" nroPiso:8"", "" sobreViaSecundaria:S"", "" terrazaBalcon:Balcón"", "" tiempoConstruido:Entre 5 y 10 años"", "" tipoCalentador:No tiene"", "" tipoCocinaLista:Lineal"", "" tipoComedor:Sala Comedor"", "" tipoDeposito:0"", "" tipoEstufa:Gas"", "" tipoGaraje:Propio"", "" tipoPiso:Porcelanato"", "" tipoVigilancia:24hrs"", "" vista:Interior""]",,,Usado,PARAISO,,,,,20,
10,7dbc0eb6-b60e-4472-be6e-18a9d5e7c1e2,"Apartamento en Venta, VILLA CAMPESTRE, Barranquilla",https://www.metrocuadrado.com/inmueble/venta-apartamento-barranquilla-crmontreal-3-habitaciones-3-banos-1-garajes/21385-M6638243,"CRMONTREAL, Barranquilla",Colombia,11.006646156311035,-74.83435821533203,1,venta,3003877772,80048.92,,"Déjame contarte sobre este encantador apartamento ubicado en Barranquilla.  En el Conjunto Horizontes de Villa Campestre, consta de 3 habitaciones y 3 baño, con una superficie de 67 metros cuadrados, es la opción ideal para quienes buscan un estilo de vida moderno y cómodo. 

El apartamento cuenta con una distribución funcional que optimiza el espacio de manera brillante. 

Además, este inmueble cuenta con un práctico parqueadero privado, brindando comodidad y seguridad a los residentes. te permite disfrutar de la conveniencia de estar cerca de centros comerciales, restaurantes, parques y demás servicios.

No dejes pasar la oportunidad de hacer tuyo este encantador apartamento en una de las mejores zonas de Barranquilla.","[""https://multimedia.metrocuadrado.com/21385-M6638243/21385-M6638243_9_x.jpg"", ""https://multimedia.metrocuadrado.com/21385-M6638243/21385-M6638243_21_x.jpg"", ""https://multimedia.metrocuadrado.com/21385-M6638243/21385-M6638243_11_x.jpg"", ""https://multimedia.metrocuadrado.com/21385-M6638243/21385-M6638243_1_x.jpg"", ""https://multimedia.metrocuadrado.com/21385-M6638243/21385-M6638243_5_x.jpg"", ""https://multimedia.metrocuadrado.com/21385-M6638243/21385-M6638243_6_x.jpg"", ""https://multimedia.metrocuadrado.com/21385-M6638243/21385-M6638243_7_x.jpg"", ""https://multimedia.metrocuadrado.com/21385-M6638243/21385-M6638243_8_x.jpg"", ""https://multimedia.metrocuadrado.com/21385-M6638243/21385-M6638243_10_x.jpg"", ""https://multimedia.metrocuadrado.com/21385-M6638243/21385-M6638243_12_x.jpg"", ""https://multimedia.metrocuadrado.com/21385-M6638243/21385-M6638243_13_x.jpg"", ""https://multimedia.metrocuadrado.com/21385-M6638243/21385-M6638243_15_x.jpg"", ""https://multimedia.metrocuadrado.com/21385-M6638243/21385-M6638243_17_x.jpg"", ""https://multimedia.metrocuadrado.com/21385-M6638243/21385-M6638243_18_x.jpg"", ""https://multimedia.metrocuadrado.com/21385-M6638243/21385-M6638243_19_x.jpg"", ""https://multimedia.metrocuadrado.com/21385-M6638243/21385-M6638243_2_x.jpg"", ""https://multimedia.metrocuadrado.com/21385-M6638243/21385-M6638243_22_x.jpg"", ""https://multimedia.metrocuadrado.com/21385-M6638243/21385-M6638243_3_x.jpg"", ""https://multimedia.metrocuadrado.com/21385-M6638243/21385-M6638243_4_x.jpg""]",,,21385-M6638243,,3,3,Apartamento,67.0,"[""aptoParaNinos:S"", "" area:67"", "" areaConstruida:67"", "" ascensor:S"", "" bancoHipoteca:No Tiene"", "" cercaAGimnasio:S"", "" cercaAHospitales:S"", "" cercaAJardinesYColegios:S"", "" cercaATiendasDeBarrio:S"", "" cercaColegioUniversidad:S"", "" cercaParque:S"", "" cercaPlaya:S"", "" cercaSupermercado:S"", "" conCanchaFutbol:S"", "" conCanchaTenis:S"", "" conCircuitoCerradoTV:S"", "" conCitofono:S"", "" conCortinas:Ninguna"", "" conGarajeCubierto:S"", "" conPiscina:S"", "" conSalonComunal:S"", "" conVistaPanoramica:S"", "" conZonaLavanderia:S"", "" conZonaNinos:S"", "" conZonasVerdes:S"", "" contactoWhatsApp:S"", "" enConjuntoCerrado:S"", "" extractor:S"", "" horno:S"", "" instalacionGas:Natural"", "" matricula:0"", "" negociarPrecio:S"", "" nroApto:9"", "" nroAscensores:3"", "" nroBanos:3"", "" nroClosets:2"", "" nroCuartos:3"", "" nroGarajes:1"", "" nroPiso:9"", "" sobreViaSecundaria:S"", "" terrazaBalcon:Ninguno"", "" tiempoConstruido:Entre 0 y 5 años"", "" tipoCalentador:No tiene"", "" tipoCocinaLista:Abierta"", "" tipoComedor:Sala Comedor"", "" tipoDeposito:0"", "" tipoEstufa:Gas"", "" tipoGaraje:Propio"", "" tipoPiso:Cerámica"", "" tipoPisoAlcobas:Cerámica"", "" tipoPisoComedor:Cerámica"", "" tipoPisoEstudio:Cerámica"", "" tipoPisoSala:Cerámica"", "" tipoVigilancia:24hrs"", "" vista:Interior""]",,,,,,,,Barranquilla,,"[{""label"": ""Property Type"", ""value"": ""Apartamento""}, {""label"": ""Condition"", ""value"": ""Usado""}, {""label"": ""Bathrooms"", ""value"": ""3""}, {""label"": ""Bedrooms"", ""value"": ""3""}, {""label"": ""Parking Spaces"", ""value"": ""1""}, {""label"": ""Area"", ""value"": ""67.0 m2""}, {""label"": ""Socioeconomic Stratum"", ""value"": ""4""}, {""label"": ""Floor Number"", ""value"": ""9""}, {""label"": ""Price (COP)"", ""value"": ""268000000""}, {""label"": ""Construction Age"", ""value"": ""Entre 0 y 5 años""}, {""label"": ""Balcony/Terrace"", ""value"": ""Ninguno""}]",,"[""aptoParaNinos:S"", "" area:67"", "" areaConstruida:67"", "" ascensor:S"", "" bancoHipoteca:No Tiene"", "" cercaAGimnasio:S"", "" cercaAHospitales:S"", "" cercaAJardinesYColegios:S"", "" cercaATiendasDeBarrio:S"", "" cercaColegioUniversidad:S"", "" cercaParque:S"", "" cercaPlaya:S"", "" cercaSupermercado:S"", "" conCanchaFutbol:S"", "" conCanchaTenis:S"", "" conCircuitoCerradoTV:S"", "" conCitofono:S"", "" conCortinas:Ninguna"", "" conGarajeCubierto:S"", "" conPiscina:S"", "" conSalonComunal:S"", "" conVistaPanoramica:S"", "" conZonaLavanderia:S"", "" conZonaNinos:S"", "" conZonasVerdes:S"", "" contactoWhatsApp:S"", "" enConjuntoCerrado:S"", "" extractor:S"", "" horno:S"", "" instalacionGas:Natural"", "" matricula:0"", "" negociarPrecio:S"", "" nroApto:9"", "" nroAscensores:3"", "" nroBanos:3"", "" nroClosets:2"", "" nroCuartos:3"", "" nroGarajes:1"", "" nroPiso:9"", "" sobreViaSecundaria:S"", "" terrazaBalcon:Ninguno"", "" tiempoConstruido:Entre 0 y 5 años"", "" tipoCalentador:No tiene"", "" tipoCocinaLista:Abierta"", "" tipoComedor:Sala Comedor"", "" tipoDeposito:0"", "" tipoEstufa:Gas"", "" tipoGaraje:Propio"", "" tipoPiso:Cerámica"", "" tipoPisoAlcobas:Cerámica"", "" tipoPisoComedor:Cerámica"", "" tipoPisoEstudio:Cerámica"", "" tipoPisoSala:Cerámica"", "" tipoVigilancia:24hrs"", "" vista:Interior""]",,,Usado,CRMONTREAL,,,,,20,
