id,uuid,title,link,location,country,lat,lng,latLng_status,type,phone,price,price_unit,details,img_src,about,exterior_acres,web_id,mls_id,bedrooms,full_baths,property_type,interior_sq_ft,amenities,features,partial_baths,change_price,sold_date,deleted_at,created_at,updated_at,city,new_features,property_details,exterior_details,interior_details,city_checked,province,property_status,neighbourhood,commercial_units,source_hash,first_seen_at,last_seen_at,missing_count,admin_price
1,a942a3c8-dddf-4c1f-aa62-77923574e988,"Apartment for Sale, AMERICA 500 YEARS, Zipaquira",https://www.metrocuadrado.com/proyecto/san-antonio-de-padua/20184-C0001-02,"AMERICA 500 AÑOS, Zipaquira",Colombia,5.037436,-74.00442,1,Sale,3166902322,66637.588,,"Discover this project VIS -San Antonio de Padua, an urbanisation of apartments located in Zipaquirá – Cundinamarca in the neighborhood America 500 years near the road to Cogua, near the Transport Terminal and the Market Square. This project is located in a quiet residential area, which offers an unparalleled view of the municipality and the beautiful landscape of the Sabana de Bogotá. The apartments of San Antonio de Padua stand out for their generous areas and a carefully thought out design for your comfort. Each residential unit has two rooms, offering spacious and well distributed spaces. Forget about the reduced spaces: here you will find a house where comfort, tranquility and quality of life are priority thanks to our green areas, children's park, termoleta, common parks, on average 2 per apartment. Live in a home that really suits your needs.","[""https://multimedia.metrocuadrado.com/20184-C0001-02/20184-C0001-02_1_V3.jpg"", ""https://multimedia.metrocuadrado.com/20184-C0001-02/20184-C0001-02_2_V3.jpg"", ""https://multimedia.metrocuadrado.com/20184-C0001-02/20184-C0001-02_3_V3.jpg"", ""https://multimedia.metrocuadrado.com/20184-C0001-02/20184-C0001-02_4_V3.jpg""]",,,20184-C0001-02,,2,2,Apartment,702.2368359999999,,"['with American cuisine:S', 'withStudyLibrary:S', 'withZonaLavanderia:S', 'NroBanos:2', 'Number:2', 'nroGarages:0', ""Heater type:He doesn't have"", 'TypeKitchen:Parallel', 'TypeDeposit:0', 'TypeStudy:Gas']",,,,,,,Zipaquira,,"[{""label"": ""Property Type"", ""value"": ""Apartment""}, {""label"": ""Condition"", ""value"": ""New""}, {""label"": ""Bathrooms"", ""value"": ""2""}, {""label"": ""Bedrooms"", ""value"": ""2""}, {""label"": ""Parking Spaces"", ""value"": ""0""}, {""label"": ""Private Area"", ""value"": ""625.38 sq ft""}, {""label"": ""Area"", ""value"": ""702.24 sq ft""}, {""label"": ""Socioeconomic Stratum"", ""value"": ""3""}, {""label"": ""Price (COP)"", ""value"": ""220000000""}]",,,,,New,AMERICA 500 AÑOS,,,,,0,
2,67ee9e7f-ef71-4df0-aed0-99d700b73592,"Apartment for sale, POZOS COLORADOS, Santa Marta",https://www.metrocuadrado.com/proyecto/salinas-del-sol/17004-C0001-10,"POZOS COLORADOS, Santa Marta",Colombia,11.156382545185354,-74.22374896561107,1,Sale,3103503227,172651.934,,"Salinas del Sol is an exclusive luxury tourist real estate project in Pozos Colorados, Santa Marta, developed by Jiménez Constructores. It is the first project in the city with an oceanic pool with beach sand, offering apartments of 37 to 116 M2 with sea view and more than 30 resort amenities.","[""https://multimedia.metrocuadrado.com/17004-C0001-10/17004-C0001-10_1_V4.jpg"", ""https://multimedia.metrocuadrado.com/17004-C0001-10/17004-C0001-10_2_V4.jpg"", ""https://multimedia.metrocuadrado.com/17004-C0001-10/17004-C0001-10_3_V4.jpg"", ""https://multimedia.metrocuadrado.com/17004-C0001-10/17004-C0001-10_4_V4.jpg"", ""https://multimedia.metrocuadrado.com/17004-C0001-10/17004-C0001-10_5_V4.jpg""]",,,17004-C0001-10,,1,1,Apartment,434.86155999999994,,"['NroBanos:1', 'Number:1', 'nroGarages:0', 'Heater type:Gas', 'TypeKitchen:Linear', 'TypeDeposit:0', 'TypeStudy:Gas']",,,,,,,Santa Marta,,"[{""label"": ""Property Type"", ""value"": ""Apartment""}, {""label"": ""Condition"", ""value"": ""New""}, {""label"": ""Bathrooms"", ""value"": ""1""}, {""label"": ""Bedrooms"", ""value"": ""1""}, {""label"": ""Parking Spaces"", ""value"": ""0""}, {""label"": ""Private Area"", ""value"": ""326.04 sq ft""}, {""label"": ""Area"", ""value"": ""434.86 sq ft""}, {""label"": ""Socioeconomic Stratum"", ""value"": ""6""}, {""label"": ""Price (COP)"", ""value"": ""570000000""}]",,,,,New,POZOS COLORADOS,,,,,0,
3,25088190-53c4-48ee-832a-dddb202e7190,"House for Sale, CD. BONANZA, Jamundi",https://www.metrocuadrado.com/proyecto/eden-del-parque/16747-C0004-01,"CD. BONANZA, Jamundi",Colombia,3.2291064,-76.516174,1,Sale,3166907163,67091.936,,"EDÉN DEL PARQUE is an urban project of 12,600 VIP AND VIS homes in the municipality of Jamundí, with a planned development and with high environmental and urban quality. It has green areas that are distributed equitably throughout development, to generate a network of linear parks, in the 6 sectors that make up it. We will have zones of cession of institutional vocation where spaces will be developed for the provision of health services, education, sport, security and support to the community, so that the inhabitants of EDÉN DEL PARQUE will meet their basic needs without leaving the sector.","[""https://multimedia.metrocuadrado.com/16747-C0004-01/16747-C0004-01_1_V2.jpg"", ""https://multimedia.metrocuadrado.com/16747-C0004-01/16747-C0004-01_2_V2.jpg"", ""https://multimedia.metrocuadrado.com/16747-C0004-01/16747-C0004-01_3_V2.jpg"", ""https://multimedia.metrocuadrado.com/16747-C0004-01/16747-C0004-01_4_V2.jpg"", ""https://multimedia.metrocuadrado.com/16747-C0004-01/16747-C0004-01_5_V2.jpg"", ""https://multimedia.metrocuadrado.com/16747-C0004-01/16747-C0004-01_6_V2.jpg"", ""https://multimedia.metrocuadrado.com/16747-C0004-01/16747-C0004-01_7_V2.jpg"", ""https://multimedia.metrocuadrado.com/16747-C0004-01/16747-C0004-01_8_FP_V2.jpg"", ""https://multimedia.metrocuadrado.com/16747-C0004-01/16747-C0004-01_9_FP_V2.jpg""]",,,16747-C0004-01,,3,1,Home,788.9938699999999,,"['withIntegralKitchen:S', 'withStudyLibrary:S', 'withZonaLavanderia:S', 'NroBanos:1', 'Number:3', 'nroGarages:1', ""Heater type:He doesn't have"", 'TypeKitchen:Open', 'TypeDeposit:0', 'TypeStudy:Gas']",,,,,,,Jamundi,,"[{""label"": ""Property Type"", ""value"": ""Home""}, {""label"": ""Condition"", ""value"": ""New""}, {""label"": ""Bathrooms"", ""value"": ""1""}, {""label"": ""Bedrooms"", ""value"": ""3""}, {""label"": ""Parking Spaces"", ""value"": ""1""}, {""label"": ""Private Area"", ""value"": ""788.99 sq ft""}, {""label"": ""Area"", ""value"": ""788.99 sq ft""}, {""label"": ""Socioeconomic Stratum"", ""value"": ""3""}, {""label"": ""Price (COP)"", ""value"": ""221500000""}]",,,,,New,CD. BONANZA,,,,,0,
4,aa324d84-424c-42cb-bcbe-d88f1745fe7d,"Apartment for sale, SANTA BARBARA, Bogotá D.C.",https://www.metrocuadrado.com/proyecto/edificio-balmes-santa-barbara/15315-C0001-04,"SANTA BARBARA, Bogotá D.C.",Colombia,4.6949916,-74.03937,1,Sale,3176427134,119706.855,,"Five-story building, with 32 units designed with style of Apartasesuites, Monospace of 25 m2, 34.01 m2 and 39.59 m2 with independent alcove, completely finished with excellent interior design. The building has goal and lobby, sauna, gym, recreational rooftop, elevator, communal laundry and electric plant. Located in a high occupancy area, close to the business center of Av. Carrera 7 - Av. 116, with high demand of students from Military University, University of the Forest and Art Centers of the area. There is also a high “Medical Tourism” due to the proximity to Clínica Santa Fe, the Forest and Medical Centers; ideal investment to rent or live, surrounded by parks and green and recreation tours, trade and exclusive restaurants in 109th and 122nd Street, Usaquen, Centro Comercial Unicentro and Santa Barbara. Located in one of the most valued areas of Bogota, which has exceeded 6% annually.",[],,,15315-C0001-04,,1,1,Apartment,298.16003,,"['areaTerrace:16.87', 'withGarageCovered:S', 'with Furniture:S', 'withParqueaderoPropio:S', 'withTerrazaBalcon:Terrace', 'InstallationGas:None', 'NroBanos:1', 'Number:1', 'nroGarages:0', 'Heater type:Gas', 'TypeKitchen:Linear', 'TypeEating:Living/dining room', 'TypeDeposit:0', 'TypeStudy:Electric']",,,,,,,Bogotá D.C.,,"[{""label"": ""Property Type"", ""value"": ""Apartment""}, {""label"": ""Condition"", ""value"": ""New""}, {""label"": ""Bathrooms"", ""value"": ""1""}, {""label"": ""Bedrooms"", ""value"": ""1""}, {""label"": ""Parking Spaces"", ""value"": ""0""}, {""label"": ""Private Area"", ""value"": ""241.76 sq ft""}, {""label"": ""Area"", ""value"": ""298.16 sq ft""}, {""label"": ""Socioeconomic Stratum"", ""value"": ""6""}, {""label"": ""Price (COP)"", ""value"": ""395205000""}]",,,,,New,SANTA BARBARA,,,,,0,
5,25cb5c81-2675-401a-b0f4-e3fd0fae4c54,"Apartment for sale, PARQUES DE MILENTA Puente Aranda, Bogotá D.C.",https://www.metrocuadrado.com/inmueble/venta-apartamento-bogota-galan-3-habitaciones-2-banos-1-garajes/MC7102316,"GALAN, Bogotá D.C.",Colombia,4.6189933,-74.125,1,sale,3016633949,96927.401,,"Description Apartment for sale – Excellent location and connectivity! For sale 62 m2 apartment of private area, ideal for families or those looking for comfort and good location. It has: three bedrooms, two bathrooms, spacious living and dining room, integral kitchen, balcony with beautiful view Excellent natural lighting and cozy atmosphere Located in a strategic area, residential complex close to the future station of TransMilenio de la Avenida Carrera 68 with 1C Street and the future Metro de Bogotá, with multiple access routes and great projection of valorization. Supermarkets, green areas, schools, shopping centers, and public transport. The administration is two hundred thirty thousand pesos. It remains on a fifth floor without Ascensor.","[""https://multimedia.metrocuadrado.com/MC7102316/MC7102316_12.jpg"", ""https://multimedia.metrocuadrado.com/MC7102316/MC7102316_10.jpg"", ""https://multimedia.metrocuadrado.com/MC7102316/MC7102316_3.jpg"", ""https://multimedia.metrocuadrado.com/MC7102316/MC7102316_5.jpg"", ""https://multimedia.metrocuadrado.com/MC7102316/MC7102316_11.jpg"", ""https://multimedia.metrocuadrado.com/MC7102316/MC7102316_8.jpg"", ""https://multimedia.metrocuadrado.com/MC7102316/MC7102316_13.jpg"", ""https://multimedia.metrocuadrado.com/MC7102316/MC7102316_1.jpg"", ""https://multimedia.metrocuadrado.com/MC7102316/MC7102316_2.jpg"", ""https://multimedia.metrocuadrado.com/MC7102316/MC7102316_4.jpg"", ""https://multimedia.metrocuadrado.com/MC7102316/MC7102316_7.jpg"", ""https://multimedia.metrocuadrado.com/MC7102316/MC7102316_6.jpg"", ""https://multimedia.metrocuadrado.com/MC7102316/MC7102316_9.jpg""]",,,MC7102316,,3,2,Apartment,667.3618,,"['accessWithOdispositivecards:S', 'area:62', 'areaConstructed:62', 'characteristicsParqueadero:Undiscovered', 'nearAhospitals:S', 'Close to Gardens and Colleges:S', 'CloseToBarrio Shops:S', 'NearCentroComercial:S', 'nearCollegeUniversity:S', 'ClosePark:S', 'CloseSupermarket:S', 'CloseTransportPublic:S', 'withIntegral_oKitchen:S', 'withVisitors_or Park:S', 'withPasoPorcelanate_o:S', 'with SalonComunal:S', 'cb-surveillance:S', 'withZonaLavanderia-cb:S', 'withZonasVerdes:S', '_Other Organiser:S', 'NroBanos:2', 'Number:3', 'nroGarages:1', 'nroPiso:5', 'porteria:S', 'Construction time:More than 20 years', 'Type:Own', 'ZoneResidency:S']",,,,,,,Bogotá D.C.,,"[{""label"": ""Property Type"", ""value"": ""Apartment""}, {""label"": ""Condition"", ""value"": ""Used""}, {""label"": ""Bathrooms"", ""value"": ""2""}, {""label"": ""Bedrooms"", ""value"": ""3""}, {""label"": ""Parking Spaces"", ""value"": ""1""}, {""label"": ""Area"", ""value"": ""667.36 sq ft""}, {""label"": ""Socioeconomic Stratum"", ""value"": ""3""}, {""label"": ""Floor Number"", ""value"": ""5""}, {""label"": ""Price (COP)"", ""value"": ""320000000""}, {""label"": ""Construction Age"", ""value"": ""More than 20 years""}]",,,,,Used,GALAN,,,,,0,
6,3f758f03-6dd4-485f-a364-84d69da0ec24,"Apartment in Arquillo, CHAPINERO ATLANTIS Urban Area, Bogotá D.C.",https://www.metrocuadrado.com/inmueble/arriendo-apartamento-bogota-el-espartillal-1-habitaciones-1-banos/MC7083910,"EL ESPARTILLAL, Bogotá D.C.",Colombia,4.664448,-74.05587,1,lease,3112898199,,,"Lives in one of the most strategic and vibrant areas of Bogotá. This cozy apartment of 1 alcove ---- unfurnished, with a Furnished option ----, is located in the sector of Chapinero, Atlantis, near shopping centers such as Andino, Atlantis and El Retiro, Zona T, Parque El Virrey and main roads of the city. --- Enjoy a modern space with excellent natural lighting, walk-in closet, private bathroom and fully equipped integral kitchen --- (includes fridge, washing machine/dryer and microwave) --- Parking and deposit available optionally. --- The building offers ideal amenities for a comfortable and active life: gym, BBQ area, rooftop, coworking, game zone, social area, communal laundry, Wi-Fi in common areas and 24/7 surveillance. Perfect for those looking for a practical, well located and stylish life.","[""https://multimedia.metrocuadrado.com/MC7083910/MC7083910_4.jpg"", ""https://multimedia.metrocuadrado.com/MC7083910/MC7083910_1.jpg"", ""https://multimedia.metrocuadrado.com/MC7083910/MC7083910_2.jpg"", ""https://multimedia.metrocuadrado.com/MC7083910/MC7083910_3.jpg"", ""https://multimedia.metrocuadrado.com/MC7083910/MC7083910_5.jpg"", ""https://multimedia.metrocuadrado.com/MC7083910/MC7083910_7.jpg"", ""https://multimedia.metrocuadrado.com/MC7083910/MC7083910_8.jpg"", ""https://multimedia.metrocuadrado.com/MC7083910/MC7083910_9.jpg"", ""https://multimedia.metrocuadrado.com/MC7083910/MC7083910_11.jpg"", ""https://multimedia.metrocuadrado.com/MC7083910/MC7083910_10.jpg"", ""https://multimedia.metrocuadrado.com/MC7083910/MC7083910_14.jpg"", ""https://multimedia.metrocuadrado.com/MC7083910/MC7083910_6.jpg"", ""https://multimedia.metrocuadrado.com/MC7083910/MC7083910_12.jpg"", ""https://multimedia.metrocuadrado.com/MC7083910/MC7083910_15.jpg"", ""https://multimedia.metrocuadrado.com/MC7083910/MC7083910_13.jpg""]",,,MC7083910,,1,1,Apartment,484.3755,,"['accessWithOdispositivecards:S', 'area:45', 'areaConstructed:47', 'elevator:S', 'nearAgimnasium:S', 'nearAhospitals:S', 'NearbyRestaurants:S', 'CloseToBarrio Shops:S', 'NearCentroComercial:S', 'nearCollegeUniversity:S', 'ClosePark:S', 'CloseSupermarket:S', 'CloseTransportPublic:S', 'withAdmin:S', 'with American Cocina_o:S', 'withIntegral_oKitchen:S', 'withVisitors_or Park:S', 'with SalonComunal:S', 'withTerrace_o:S', 'cb-surveillance:S', 'withZonaLavanderia-cb:S', 'detectionDehumo:S', 'extractor:S', 'oven:S', 'light in LaManana:S', 'light in LaTarde:S', 'NroBanos:1', 'Number:1', 'nroGarages:0', 'nroPiso:7', 'porteria:S', 'receptionLobby:S', 'roofGarden:S', 'shutDeBasura:S', 'rooftop terrace:S', 'Construction time:0-5 years', 'Building:S', 'walkingCloset:S', 'ZoneResidency:S']",,,,,,,Bogotá D.C.,,"[{""label"": ""Property Type"", ""value"": ""Apartment""}, {""label"": ""Condition"", ""value"": ""Used""}, {""label"": ""Bathrooms"", ""value"": ""1""}, {""label"": ""Bedrooms"", ""value"": ""1""}, {""label"": ""Parking Spaces"", ""value"": ""0""}, {""label"": ""Area"", ""value"": ""484.38 sq ft""}, {""label"": ""Socioeconomic Stratum"", ""value"": ""5""}, {""label"": ""Floor Number"", ""value"": ""7""}, {""label"": ""Construction Age"", ""value"": ""0-5 years""}]",,,,,Used,EL ESPARTILLAL,,,,,0,
7,f4b7d62a-b79e-4f65-b430-2c78270284fe,"Apartment in Rent, CIUDAD SALITRE Urban Area, Bogotá D.C.",https://www.metrocuadrado.com/inmueble/arriendo-apartamento-bogota-ciudad-salitre-sur-oriental-1-habitaciones-1-banos/MC6301899,"CIUDAD SALITRE SUR ORIENTAL, Bogotá D.C.",Colombia,4.645524,-74.109505,1,lease,3112898199,,,"Experience a modern and functional lifestyle in one of the areas with the best connectivity in Bogotá. This 1 bedroom apartment – unfurnished, with a furnished option – is located in the Salitre sector, near Plaza Claro, Gran Estación, Salitre Plaza, PriceSmart, Simón Bolívar Park and El Dorado Airport. It has excellent natural lighting, fully equipped kitchen with fridge and microwave, alcove with walk-in closet, private bathroom and communal laundry area. Parking and deposit available optionally. The building complements the experience with complete common areas: gym, heated pool, rooftop with panoramic view, BBQ area, coworking, social areas, Wi-Fi in common areas and 24/7 surveillance. An ideal option for those looking for comfort, style and strategic location. Agenda your visit and discover it.","[""https://multimedia.metrocuadrado.com/MC6301899/MC6301899_16.jpg"", ""https://multimedia.metrocuadrado.com/MC6301899/MC6301899_18.jpg"", ""https://multimedia.metrocuadrado.com/MC6301899/MC6301899_19.jpg"", ""https://multimedia.metrocuadrado.com/MC6301899/MC6301899_17.jpg"", ""https://multimedia.metrocuadrado.com/MC6301899/MC6301899_21.jpg"", ""https://multimedia.metrocuadrado.com/MC6301899/MC6301899_20.jpg"", ""https://multimedia.metrocuadrado.com/MC6301899/MC6301899_29.jpg"", ""https://multimedia.metrocuadrado.com/MC6301899/MC6301899_23.jpg"", ""https://multimedia.metrocuadrado.com/MC6301899/MC6301899_28.jpg"", ""https://multimedia.metrocuadrado.com/MC6301899/MC6301899_27.jpg"", ""https://multimedia.metrocuadrado.com/MC6301899/MC6301899_24.jpg"", ""https://multimedia.metrocuadrado.com/MC6301899/MC6301899_32.jpg"", ""https://multimedia.metrocuadrado.com/MC6301899/MC6301899_31.jpg"", ""https://multimedia.metrocuadrado.com/MC6301899/MC6301899_26.jpg"", ""https://multimedia.metrocuadrado.com/MC6301899/MC6301899_30.jpg"", ""https://multimedia.metrocuadrado.com/MC6301899/MC6301899_25.jpg"", ""https://multimedia.metrocuadrado.com/MC6301899/MC6301899_22.jpg"", ""https://multimedia.metrocuadrado.com/MC6301899/MC6301899_34.jpg"", ""https://multimedia.metrocuadrado.com/MC6301899/MC6301899_33.jpg"", ""https://multimedia.metrocuadrado.com/MC6301899/MC6301899_35.jpg""]",,,MC6301899,,1,1,Apartment,452.0838,,"['accessWithOdispositivecards:S', 'area:42', 'areaConstructed:42', 'elevator:S', 'nearAgimnasium:S', 'nearAhospitals:S', 'Close to Gardens and Colleges:S', 'NearbyRestaurants:S', 'CloseToBarrio Shops:S', 'NearCentroComercial:S', 'nearCollegeUniversity:S', 'ClosePark:S', 'CloseSupermarket:S', 'CloseTransportPublic:S', 'conCitophone:S', 'with American Cocina_o:S', 'withIntegral_oKitchen:S', 'conQuartoUtil-cb:S', 'withVisitors_or Park:S', 'withSwiss:S', 'with SalonComunal:S', 'withTerrace_o:S', 'cb-surveillance:S', 'withZonaNinos:S', 'withZonasVerdes:S', 'extractor:S', 'oven:S', 'light in LaManana:S', 'light in LaTarde:S', 'NroBanos:1', 'Number:1', 'nroGarages:0', 'nroPiso:4', 'porteria:S', 'doorElectrica:S', 'receptionLobby:S', 'shutDeBasura:S', 'rooftop terrace:S', 'Construction time:0-5 years', 'Building:S', 'walkingCloset:S']",,,,,,,Bogotá D.C.,,"[{""label"": ""Property Type"", ""value"": ""Apartment""}, {""label"": ""Condition"", ""value"": ""Used""}, {""label"": ""Bathrooms"", ""value"": ""1""}, {""label"": ""Bedrooms"", ""value"": ""1""}, {""label"": ""Parking Spaces"", ""value"": ""0""}, {""label"": ""Area"", ""value"": ""452.08 sq ft""}, {""label"": ""Socioeconomic Stratum"", ""value"": ""4""}, {""label"": ""Floor Number"", ""value"": ""4""}, {""label"": ""Construction Age"", ""value"": ""0-5 years""}]",,,,,Used,CIUDAD SALITRE SUR ORIENTAL,,,,,0,330000.0
8,4be0effe-1041-4e8d-8cf3-872618c06fab,"House for Sale, condominium madeira, Girardot",https://www.metrocuadrado.com/inmueble/venta-casa-girardot-ub.-terrazas-de-guadalquivir-3-habitaciones-4-banos-1-garajes/MC6213578,"UB  TERRAZAS DE GUADALQUIVIR, Girardot",Colombia,4.3061395,-74.813416,1,sale,3208403779,138121.547,,"Very cozy house and ready to live in the whole Madeira, of Girardot. Two levels. Surrounded by gardens, independent. On the first level there is a social bathroom, laundry area, guest room with closet, air conditioning and private bathroom, open integral kitchen, dining room and external patio. The second level has room for study or living room, jacuzzi with dome roof, two bedrooms with private bathroom, closets and air conditionings one of them with balcony. Beautiful vegetation, areas for walking and doing sport, super quiet, good neighborhood, ideal for people 3rd age. #condominiomadrid #girardot #3raedad","[""https://multimedia.metrocuadrado.com/MC6213578/MC6213578_1.jpg"", ""https://multimedia.metrocuadrado.com/MC6213578/MC6213578_4.jpg"", ""https://multimedia.metrocuadrado.com/MC6213578/MC6213578_2.jpg"", ""https://multimedia.metrocuadrado.com/MC6213578/MC6213578_7.jpg"", ""https://multimedia.metrocuadrado.com/MC6213578/MC6213578_8.jpg"", ""https://multimedia.metrocuadrado.com/MC6213578/MC6213578_5.jpg"", ""https://multimedia.metrocuadrado.com/MC6213578/MC6213578_6.jpg"", ""https://multimedia.metrocuadrado.com/MC6213578/MC6213578_3.jpg"", ""https://multimedia.metrocuadrado.com/MC6213578/MC6213578_9.jpg"", ""https://multimedia.metrocuadrado.com/MC6213578/MC6213578_10.jpg""]",,,MC6213578,,3,4,Home,904.1676,,"['area:84.00', 'areaConstructed:138.00', 'BayasDeParqueo:S', 'toiletsAuxiliary:S', 'characteristicsParqueadero:Covered', 'CasaCampestre:S', 'nearAhospitals:S', 'Close to Gardens and Colleges:S', 'NearbyRestaurants:S', 'CloseToBarrio Shops:S', 'nearCollegeUniversity:S', 'ClosePark:S', 'CloseSupermarket:S', 'CloseTransportPublic:S', 'with AirConditioned:S', 'withCanchaFutbol:S', 'withCanchaTenis:S', 'with American Cocina_o:S', 'withIntegral_oKitchen:S', 'RoomService:S', 'withStudyLibrary_or:S', 'withJacuzzi:S', 'with Jardin:S', 'withEquipment_o:S', 'withVisitors_or Park:S', 'withSwiss:S', 'withPasoPorcelanate_o:S', 'with SalonComunal:S', 'cb-surveillance:S', 'withZonaBbq:S', 'withZonaLavanderia-cb:S', 'withZonaNinos:S', 'withZonasVerdes:S', '_Other Organiser:S', 'dishwasher:S', 'light in LaManana:S', 'light in LaTarde:S', 'NroBanos:4', 'Number:3', 'nroGarages:1', 'nroPiso:2', 'patio:S', 'porteria:S', 'Water tanks:S', 'Construction time:Between 10 and 20 years', 'Type:Own', 'ZoneResidency:S']",,,,,,,Girardot,,"[{""label"": ""Property Type"", ""value"": ""Home""}, {""label"": ""Condition"", ""value"": ""Used""}, {""label"": ""Bathrooms"", ""value"": ""4""}, {""label"": ""Bedrooms"", ""value"": ""3""}, {""label"": ""Parking Spaces"", ""value"": ""1""}, {""label"": ""Area"", ""value"": ""904.17 sq ft""}, {""label"": ""Socioeconomic Stratum"", ""value"": ""4""}, {""label"": ""Floor Number"", ""value"": ""2""}, {""label"": ""Price (COP)"", ""value"": ""456000000""}, {""label"": ""Construction Age"", ""value"": ""Between 10 and 20 years""}]",,,,,Used,UB  TERRAZAS DE GUADALQUIVIR,,,,,0,
9,e7c6e0a0-e5d6-41ee-b9f4-41016be2dc0d,"Apartment in Rent, BIO SANTA CRUZ, Ibagué",https://www.metrocuadrado.com/inmueble/arriendo-apartamento-ibague-conjunto-bio-santa-cruz-2-habitaciones-2-banos-1-garajes/11295-M7070752,"CONJUNTO BIO SANTA CRUZ, Ibagué",Colombia,4.419887065887451,-75.16886901855469,1,lease,3165222196,0.0,,"Apartment for rent in sector of Samaria, with an area of 50.08 m2 and a comfortable and functional distribution. It has 2 bedrooms, master bedroom with private bathroom, auxiliary bathroom, living room, kitchen, balcony and laundry patio. In addition, it has parking, laundry area and curtains in the bathrooms, as well as curtains in the rooms and living room, offering a cozy, practical space.","[""https://multimedia.metrocuadrado.com/11295-M7070752/11295-M7070752_4.jpg"", ""https://multimedia.metrocuadrado.com/11295-M7070752/11295-M7070752_1.jpg"", ""https://multimedia.metrocuadrado.com/11295-M7070752/11295-M7070752_2.jpg"", ""https://multimedia.metrocuadrado.com/11295-M7070752/11295-M7070752_3.jpg"", ""https://multimedia.metrocuadrado.com/11295-M7070752/11295-M7070752_5.jpg"", ""https://multimedia.metrocuadrado.com/11295-M7070752/11295-M7070752_6.jpg"", ""https://multimedia.metrocuadrado.com/11295-M7070752/11295-M7070752_7.jpg"", ""https://multimedia.metrocuadrado.com/11295-M7070752/11295-M7070752_8.jpg""]",,,11295-M7070752,,2,2,Apartment,539.056112,,"['area:50.08', 'areaConstructed:50.08', 'nearAgimnasium:S', 'Close to Gardens and Colleges:S', 'closeAParqueIndustrial:S', 'NearbyRestaurants:S', 'NearCentroComercial:S', 'nearCollegeUniversity:S', 'CloseSupermarket:S', 'withGarageCovered:S', 'withSwiss:S', 'withZonaLavanderia:S', 'contactWhatsApp:S', 'EnSetClosed:S', 'NegotiatingPrice:S', 'nroApt:9', 'NroBanos:2', 'Number:2', 'nroGarages:1', 'nroPiso:9', 'Construction time:Between 5 and 10 years', 'TypeEating:Dining room', 'Type:Own', 'TypeMonitoring:24hrs']",,,,,,,Ibagué,,"[{""label"": ""Property Type"", ""value"": ""Apartment""}, {""label"": ""Condition"", ""value"": ""Used""}, {""label"": ""Bathrooms"", ""value"": ""2""}, {""label"": ""Bedrooms"", ""value"": ""2""}, {""label"": ""Parking Spaces"", ""value"": ""1""}, {""label"": ""Area"", ""value"": ""539.06 sq ft""}, {""label"": ""Socioeconomic Stratum"", ""value"": ""4""}, {""label"": ""Floor Number"", ""value"": ""9""}, {""label"": ""Construction Age"", ""value"": ""Between 5 and 10 years""}]",,,,,Used,CONJUNTO BIO SANTA CRUZ,,,,,0,
10,f5899118-a013-4757-880d-8377bb106b65,"Apartment in Arquillo, CHAPINERO ATLANTIS Urban Area, Bogotá D.C.",https://www.metrocuadrado.com/inmueble/arriendo-apartamento-bogota-el-espartillal-1-habitaciones-1-banos/MC6151976,"EL ESPARTILLAL, Bogotá D.C.",Colombia,4.664448,-74.05587,1,lease,3112898199,,,"Lives in one of the most strategic and vibrant areas of Bogotá. This cozy loft apartment ----- unfurnished, with the option of furnishing ----, is located in the sector of Chapinero, Atlantis, close to shopping centers such as Andino, Atlantis and El Retiro, Zona T, Parque El Virrey and main roads of the city. Enjoy a modern space with excellent natural lighting, closet, private bathroom and integral kitchen equipped with fridge, microwave, inn, built-in oven, stove and extractor hood. Parking and storage available optionally. The building offers amenities ideal for a comfortable and active life: gym, BBQ area, rooftop, coworking, game zone, social area, communal laundry, Wi-Fi in common areas and 24/7 surveillance. Perfect for those looking for a practical, well located and stylish life.","[""https://multimedia.metrocuadrado.com/MC6151976/MC6151976_18.jpg"", ""https://multimedia.metrocuadrado.com/MC6151976/MC6151976_19.jpg"", ""https://multimedia.metrocuadrado.com/MC6151976/MC6151976_20.jpg"", ""https://multimedia.metrocuadrado.com/MC6151976/MC6151976_21.jpg"", ""https://multimedia.metrocuadrado.com/MC6151976/MC6151976_22.jpg"", ""https://multimedia.metrocuadrado.com/MC6151976/MC6151976_3.jpg"", ""https://multimedia.metrocuadrado.com/MC6151976/MC6151976_13.jpg"", ""https://multimedia.metrocuadrado.com/MC6151976/MC6151976_10.jpg"", ""https://multimedia.metrocuadrado.com/MC6151976/MC6151976_11.jpg"", ""https://multimedia.metrocuadrado.com/MC6151976/MC6151976_4.jpg"", ""https://multimedia.metrocuadrado.com/MC6151976/MC6151976_5.jpg"", ""https://multimedia.metrocuadrado.com/MC6151976/MC6151976_6.jpg"", ""https://multimedia.metrocuadrado.com/MC6151976/MC6151976_9.jpg"", ""https://multimedia.metrocuadrado.com/MC6151976/MC6151976_7.jpg"", ""https://multimedia.metrocuadrado.com/MC6151976/MC6151976_8.jpg"", ""https://multimedia.metrocuadrado.com/MC6151976/MC6151976_12.jpg""]",,,MC6151976,,1,1,Apartment,387.5004,,"['accessWithOdispositivecards:S', 'area:36', 'areaConstructed:36', 'elevator:S', 'nearAgimnasium:S', 'nearAhospitals:S', 'Close to Gardens and Colleges:S', 'NearbyRestaurants:S', 'CloseToBarrio Shops:S', 'NearCentroComercial:S', 'nearCollegeUniversity:S', 'ClosePark:S', 'CloseSupermarket:S', 'conCitophone:S', 'with American Cocina_o:S', 'withIntegral_oKitchen:S', 'withVisitors_or Park:S', 'with SalonComunal:S', 'withTerrace_o:S', 'cb-surveillance:S', 'withZonasVerdes:S', 'extractor:S', 'oven:S', 'light in LaManana:S', 'light in LaTarde:S', 'monoenvironment:S', 'NroBanos:1', 'Number:1', 'nroGarages:0', 'nroPiso:10', 'porteria:S', 'doorElectrica:S', 'receptionLobby:S', 'shutDeBasura:S', 'rooftop terrace:S', 'Construction time:0-5 years', 'Building:S', 'ZoneResidency:S']",,,,,,,Bogotá D.C.,,"[{""label"": ""Property Type"", ""value"": ""Apartment""}, {""label"": ""Condition"", ""value"": ""Used""}, {""label"": ""Bathrooms"", ""value"": ""1""}, {""label"": ""Bedrooms"", ""value"": ""1""}, {""label"": ""Parking Spaces"", ""value"": ""0""}, {""label"": ""Area"", ""value"": ""387.50 sq ft""}, {""label"": ""Socioeconomic Stratum"", ""value"": ""5""}, {""label"": ""Floor Number"", ""value"": ""10""}, {""label"": ""Construction Age"", ""value"": ""0-5 years""}]",,,,,Used,EL ESPARTILLAL,,,,,0,507000.0
